[1,["20g1ukYUVPvKWKBRznAKo+@f9941","57UgcWSMhKGYrPQcn4d3+w@6c48a","57UgcWSMhKGYrPQcn4d3+w@f9941","54TknWPwVPqJqeCR+Y/Czo@f9941","95EkngnxZFbYuFpsqVTaFr@f9941"],["node","_spriteFrame","_textureSource","_cameraComponent","btnUpload","loadingLabel","uploadLabel","_target","scene","_parent","_normalSprite","_hoverSprite","_pressedSprite","_disabledSprite"],[["cc.Node",["_name","_layer","_id","_active","_objFlags","_components","_parent","_lpos","_children","_lrot","_euler"],-2,9,1,5,2,5,5],["cc.Widget",["_alignFlags","_verticalCenter","_left","_right","_horizontalCenter","node"],-2,1],["cc.Sprite",["_type","_sizeMode","node","_spriteFrame"],1,1,6],["cc.Label",["_string","_actualFontSize","_fontSize","_overflow","_enableWrapText","node","_color"],-2,1,5],["cc.Camera",["_visibility","_projection","_priority","_orthoHeight","_far","_clearFlags","node","_color"],-3,1,5],"cc.SpriteFrame",["cc.SceneAsset",["_name"],2],["cc.Node",["_name","_active","_layer","_parent","_components","_lpos"],0,1,12,5],["cc.Node",["_name","_parent","_components","_lpos"],2,1,2,5],["cc.UITransform",["node","_contentSize"],3,1,5],["cc.Canvas",["node","_cameraComponent"],3,1,1],["0b57dA4RDtH9IgcMxyFidzf",["node","uploadLabel","loadingLabel","btnUpload"],3,1,1,1,1],["24f3bWB2rlDLrfByNmDdvBI",["node"],3,1],["cc.Button",["_transition","node","clickEvents","_normalColor","_target","_normalSprite","_hoverSprite","_pressedSprite","_disabledSprite"],2,1,9,5,1,6,6,6,6],["cc.ClickEvent",["_componentId","handler","target"],1,1],["cc.Scene",["_name","_children","_globals"],2,2,4],["cc.SceneGlobals",["ambient","shadows","_skybox","fog","octree"],3,4,4,4,4,4],["cc.AmbientInfo",["_skyColorHDR","_groundAlbedoHDR"],3,5,5],["cc.ShadowsInfo",["_near","_far","_shadowColor"],1,5],["cc.SkyboxInfo",[],3],["cc.FogInfo",[],3],["cc.OctreeInfo",[],3]],[[9,0,1,1],[3,0,1,2,5,4],[7,0,1,2,3,4,5,4],[6,0,2],[0,0,1,2,8,5,7,4],[0,0,1,6,8,5,3],[0,0,1,6,5,7,3],[0,0,3,1,6,5,4],[0,0,4,1,6,5,4],[0,0,2,6,5,7,9,10,3],[8,0,1,2,3,2],[10,0,1,1],[1,0,2,3,5,4],[1,0,1,5,3],[1,0,4,1,5,4],[11,0,1,2,3,1],[12,0,1],[2,0,1,2,3,3],[2,2,3,1],[13,0,1,2,3,4,5,6,7,8,2],[14,0,1,2,3],[3,0,1,2,3,4,5,6,6],[15,0,1,2,2],[16,0,1,2,3,4,1],[17,0,1,1],[18,0,1,2,3],[19,1],[20,1],[21,1],[4,0,6,7,2],[4,1,2,3,4,5,0,6,7,7]],[[[{"name":"default_sprite","rect":{"x":0,"y":2,"width":40,"height":36},"offset":{"x":0,"y":0},"originalSize":{"width":40,"height":40},"rotated":false,"capInsets":[0,0,0,0],"packable":true}],[5],0,[0],[2],[1]],[[[3,"Main"],[4,"Canvas",33554432,"4f1CFlgp9GILC4fhW3KM7X",[-10,-11,-12,-13,-14],[[0,-1,[5,1920,1080]],[11,-3,-2],[12,45,1.1368683772161603e-13,1.1368683772161603e-13,-4],[15,-8,-7,-6,-5],[16,-9]],[1,960.0000000000001,540,0]],[5,"BtnUpload",33554432,1,[-19,-20],[[0,-15,[5,220,40]],[17,1,0,-16,1],[19,2,-18,[[20,"0b57dA4RDtH9IgcMxyFidzf","onFileClick",1]],[4,4292269782],-17,2,3,4,5]]],[6,"Tips",33554432,2,[[0,-21,[5,589.7,50.4]],[1,"IJCAI2022-NMMO Challenge Replay Viewer",30,30,-22],[13,18,60,-23]],[1,0,60,0]],[2,"UploadStatus",false,33554432,1,[[[0,-24,[5,43.36,50.4]],-25,[14,18,-13.516,-25.136,-26]],4,1,4],[1,-13.516,-25.136,0]],[22,"Main",[-27,1],[23,[24,[2,0,0,0,0.520833125],[2,0,0,0,0]],[25,1,30,[4,4283190348]],[26],[27],[28]]],[7,"BG",false,33554432,1,[[0,-28,[5,40,36]],[18,-29,0]]],[8,"Label",512,33554432,2,[[0,-30,[5,200,40]],[21,"UPLOAD A JSON FILE",19,20,2,false,-31,[4,4278190080]]]],[2,"Loading",false,33554432,1,[[[0,-32,[5,156.78,50.4]],-33],4,1],[1,14.481,18,0]],[9,"Main Camera","c9DMICJLFO5IeO07EPon7U",5,[[29,1822425087,-34,[4,4278190080]]],[1,-10,10,10],[3,-0.27781593799591064,-0.36497166752815247,-0.11507512629032135,0.8811195492744446],[1,-35,-45,0]],[10,"Camera",1,[-35],[1,0,0,1000]],[30,0,1073741824,647.0640176600442,2000,6,41943040,10,[4,4278190080]],[1,"0%",30,30,4],[1,"Loading . . .",30,30,8]],0,[0,0,1,0,3,11,0,0,1,0,0,1,0,4,2,0,5,13,0,6,12,0,0,1,0,0,1,0,-1,10,0,-2,6,0,-3,2,0,-4,4,0,-5,8,0,0,2,0,0,2,0,7,2,0,0,2,0,-1,7,0,-2,3,0,0,3,0,0,3,0,0,3,0,0,4,0,-2,12,0,0,4,0,-1,9,0,0,6,0,0,6,0,0,7,0,0,7,0,0,8,0,-2,13,0,0,9,0,-1,11,0,8,5,1,9,5,35],[0,0,0,0,0,0],[1,1,10,11,12,13],[2,0,0,0,3,4]]]]
